Yearly July 1st Estimates,Ten-Year Age Groups,Ethnicity,Race,Notes,Population
2010,< 1 year,Hispanic or Latino,Black or African American,,810
2010,< 1 year,Hispanic or Latino,White,,18903
2010,< 1 year,Hispanic or Latino,,Total,19713
2010,< 1 year,Not Hispanic or Latino,Black or African American,,13152
2010,< 1 year,Not Hispanic or Latino,White,,42305
2010,< 1 year,Not Hispanic or Latino,,Total,55457
2010,< 1 year,,,Total,75170
2010,1-4 years,Hispanic or Latino,Black or African American,,3528
2010,1-4 years,Hispanic or Latino,White,,77754
2010,1-4 years,Hispanic or Latino,,Total,81282
2010,1-4 years,Not Hispanic or Latino,Black or African American,,52763
2010,1-4 years,Not Hispanic or Latino,White,,173715
2010,1-4 years,Not Hispanic or Latino,,Total,226478
2010,1-4 years,,,Total,307760
2010,5-14 years,Hispanic or Latino,Black or African American,,7382
2010,5-14 years,Hispanic or Latino,White,,184367
2010,5-14 years,Hispanic or Latino,,Total,191749
2010,5-14 years,Not Hispanic or Latino,Black or African American,,142797
2010,5-14 years,Not Hispanic or Latino,White,,476183
2010,5-14 years,Not Hispanic or Latino,,Total,618980
2010,5-14 years,,,Total,810729
2010,15-24 years,Hispanic or Latino,Black or African American,,6194
2010,15-24 years,Hispanic or Latino,White,,167616
2010,15-24 years,Hispanic or Latino,,Total,173810
2010,15-24 years,Not Hispanic or Latino,Black or African American,,155831
2010,15-24 years,Not Hispanic or Latino,White,,522386
2010,15-24 years,Not Hispanic or Latino,,Total,678217
2010,15-24 years,,,Total,852027
2010,25-34 years,Hispanic or Latino,Black or African American,,5291
2010,25-34 years,Hispanic or Latino,White,,172891
2010,25-34 years,Hispanic or Latino,,Total,178182
2010,25-34 years,Not Hispanic or Latino,Black or African American,,113744
2010,25-34 years,Not Hispanic or Latino,White,,525039
2010,25-34 years,Not Hispanic or Latino,,Total,638783
2010,25-34 years,,,Total,816965
2010,35-44 years,Hispanic or Latino,Black or African American,,3743
2010,35-44 years,Hispanic or Latino,White,,148845
2010,35-44 years,Hispanic or Latino,,Total,152588
2010,35-44 years,Not Hispanic or Latino,Black or African American,,110561
2010,35-44 years,Not Hispanic or Latino,White,,528315
2010,35-44 years,Not Hispanic or Latino,,Total,638876
2010,35-44 years,,,Total,791464
2010,45-54 years,Hispanic or Latino,Black or African American,,2453
2010,45-54 years,Hispanic or Latino,White,,98355
2010,45-54 years,Hispanic or Latino,,Total,100808
2010,45-54 years,Not Hispanic or Latino,Black or African American,,118408
2010,45-54 years,Not Hispanic or Latino,White,,651059
2010,45-54 years,Not Hispanic or Latino,,Total,769467
2010,45-54 years,,,Total,870275
2010,55-64 years,Hispanic or Latino,Black or African American,,1287
2010,55-64 years,Hispanic or Latino,White,,54540
2010,55-64 years,Hispanic or Latino,,Total,55827
2010,55-64 years,Not Hispanic or Latino,Black or African American,,83078
2010,55-64 years,Not Hispanic or Latino,White,,541584
2010,55-64 years,Not Hispanic or Latino,,Total,624662
2010,55-64 years,,,Total,680489
2010,65-74 years,Hispanic or Latino,Black or African American,,593
2010,65-74 years,Hispanic or Latino,White,,22668
2010,65-74 years,Hispanic or Latino,,Total,23261
2010,65-74 years,Not Hispanic or Latino,Black or African American,,43659
2010,65-74 years,Not Hispanic or Latino,White,,305081
2010,65-74 years,Not Hispanic or Latino,,Total,348740
2010,65-74 years,,,Total,372001
2010,75-84 years,Hispanic or Latino,Black or African American,,253
2010,75-84 years,Hispanic or Latino,White,,10058
2010,75-84 years,Hispanic or Latino,,Total,10311
2010,75-84 years,Not Hispanic or Latino,Black or African American,,20901
2010,75-84 years,Not Hispanic or Latino,White,,176865
2010,75-84 years,Not Hispanic or Latino,,Total,197766
2010,75-84 years,,,Total,208077
2010,85+ years,Hispanic or Latino,Black or African American,,58
2010,85+ years,Hispanic or Latino,White,,2466
2010,85+ years,Hispanic or Latino,,Total,2524
2010,85+ years,Not Hispanic or Latino,Black or African American,,5614
2010,85+ years,Not Hispanic or Latino,White,,63761
2010,85+ years,Not Hispanic or Latino,,Total,69375
2010,85+ years,,,Total,71899
2010,,,,Total,5856856
2011,< 1 year,Hispanic or Latino,Black or African American,,653
2011,< 1 year,Hispanic or Latino,White,,18207
2011,< 1 year,Hispanic or Latino,,Total,18860
2011,< 1 year,Not Hispanic or Latino,Black or African American,,13063
2011,< 1 year,Not Hispanic or Latino,White,,42699
2011,< 1 year,Not Hispanic or Latino,,Total,55762
2011,< 1 year,,,Total,74622
2011,1-4 years,Hispanic or Latino,Black or African American,,3474
2011,1-4 years,Hispanic or Latino,White,,76721
2011,1-4 years,Hispanic or Latino,,Total,80195
2011,1-4 years,Not Hispanic or Latino,Black or African American,,52076
2011,1-4 years,Not Hispanic or Latino,White,,171002
2011,1-4 years,Not Hispanic or Latino,,Total,223078
2011,1-4 years,,,Total,303273
2011,5-14 years,Hispanic or Latino,Black or African American,,7484
2011,5-14 years,Hispanic or Latino,White,,186555
2011,5-14 years,Hispanic or Latino,,Total,194039
2011,5-14 years,Not Hispanic or Latino,Black or African American,,139445
2011,5-14 years,Not Hispanic or Latino,White,,468892
2011,5-14 years,Not Hispanic or Latino,,Total,608337
2011,5-14 years,,,Total,802376
2011,15-24 years,Hispanic or Latino,Black or African American,,6343
2011,15-24 years,Hispanic or Latino,White,,167621
2011,15-24 years,Hispanic or Latino,,Total,173964
2011,15-24 years,Not Hispanic or Latino,Black or African American,,156943
2011,15-24 years,Not Hispanic or Latino,White,,516109
2011,15-24 years,Not Hispanic or Latino,,Total,673052
2011,15-24 years,,,Total,847016
2011,25-34 years,Hispanic or Latino,Black or African American,,5371
2011,25-34 years,Hispanic or Latino,White,,171591
2011,25-34 years,Hispanic or Latino,,Total,176962
2011,25-34 years,Not Hispanic or Latino,Black or African American,,114945
2011,25-34 years,Not Hispanic or Latino,White,,528551
2011,25-34 years,Not Hispanic or Latino,,Total,643496
2011,25-34 years,,,Total,820458
2011,35-44 years,Hispanic or Latino,Black or African American,,3852
2011,35-44 years,Hispanic or Latino,White,,151716
2011,35-44 years,Hispanic or Latino,,Total,155568
2011,35-44 years,Not Hispanic or Latino,Black or African American,,108827
2011,35-44 years,Not Hispanic or Latino,White,,516264
2011,35-44 years,Not Hispanic or Latino,,Total,625091
2011,35-44 years,,,Total,780659
2011,45-54 years,Hispanic or Latino,Black or African American,,2538
2011,45-54 years,Hispanic or Latino,White,,101811
2011,45-54 years,Hispanic or Latino,,Total,104349
2011,45-54 years,Not Hispanic or Latino,Black or African American,,117403
2011,45-54 years,Not Hispanic or Latino,White,,639859
2011,45-54 years,Not Hispanic or Latino,,Total,757262
2011,45-54 years,,,Total,861611
2011,55-64 years,Hispanic or Latino,Black or African American,,1374
2011,55-64 years,Hispanic or Latino,White,,57887
2011,55-64 years,Hispanic or Latino,,Total,59261
2011,55-64 years,Not Hispanic or Latino,Black or African American,,86169
2011,55-64 years,Not Hispanic or Latino,White,,558867
2011,55-64 years,Not Hispanic or Latino,,Total,645036
2011,55-64 years,,,Total,704297
2011,65-74 years,Hispanic or Latino,Black or African American,,613
2011,65-74 years,Hispanic or Latino,White,,24075
2011,65-74 years,Hispanic or Latino,,Total,24688
2011,65-74 years,Not Hispanic or Latino,Black or African American,,44358
2011,65-74 years,Not Hispanic or Latino,White,,311639
2011,65-74 years,Not Hispanic or Latino,,Total,355997
2011,65-74 years,,,Total,380685
2011,75-84 years,Hispanic or Latino,Black or African American,,293
2011,75-84 years,Hispanic or Latino,White,,10666
2011,75-84 years,Hispanic or Latino,,Total,10959
2011,75-84 years,Not Hispanic or Latino,Black or African American,,21523
2011,75-84 years,Not Hispanic or Latino,White,,176311
2011,75-84 years,Not Hispanic or Latino,,Total,197834
2011,75-84 years,,,Total,208793
2011,85+ years,Hispanic or Latino,Black or African American,,65
2011,85+ years,Hispanic or Latino,White,,2740
2011,85+ years,Hispanic or Latino,,Total,2805
2011,85+ years,Not Hispanic or Latino,Black or African American,,5916
2011,85+ years,Not Hispanic or Latino,White,,65838
2011,85+ years,Not Hispanic or Latino,,Total,71754
2011,85+ years,,,Total,74559
2011,,,,Total,5858349
2012,< 1 year,Hispanic or Latino,Black or African American,,661
2012,< 1 year,Hispanic or Latino,White,,17262
2012,< 1 year,Hispanic or Latino,,Total,17923
2012,< 1 year,Not Hispanic or Latino,Black or African American,,13060
2012,< 1 year,Not Hispanic or Latino,White,,41765
2012,< 1 year,Not Hispanic or Latino,,Total,54825
2012,< 1 year,,,Total,72748
2012,1-4 years,Hispanic or Latino,Black or African American,,3224
2012,1-4 years,Hispanic or Latino,White,,75162
2012,1-4 years,Hispanic or Latino,,Total,78386
2012,1-4 years,Not Hispanic or Latino,Black or African American,,51351
2012,1-4 years,Not Hispanic or Latino,White,,169368
2012,1-4 years,Not Hispanic or Latino,,Total,220719
2012,1-4 years,,,Total,299105
2012,5-14 years,Hispanic or Latino,Black or African American,,7654
2012,5-14 years,Hispanic or Latino,White,,188416
2012,5-14 years,Hispanic or Latino,,Total,196070
2012,5-14 years,Not Hispanic or Latino,Black or African American,,136635
2012,5-14 years,Not Hispanic or Latino,White,,461633
2012,5-14 years,Not Hispanic or Latino,,Total,598268
2012,5-14 years,,,Total,794338
2012,15-24 years,Hispanic or Latino,Black or African American,,6517
2012,15-24 years,Hispanic or Latino,White,,167460
2012,15-24 years,Hispanic or Latino,,Total,173977
2012,15-24 years,Not Hispanic or Latino,Black or African American,,157061
2012,15-24 years,Not Hispanic or Latino,White,,510234
2012,15-24 years,Not Hispanic or Latino,,Total,667295
2012,15-24 years,,,Total,841272
2012,25-34 years,Hispanic or Latino,Black or African American,,5388
2012,25-34 years,Hispanic or Latino,White,,169237
2012,25-34 years,Hispanic or Latino,,Total,174625
2012,25-34 years,Not Hispanic or Latino,Black or African American,,116303
2012,25-34 years,Not Hispanic or Latino,White,,528714
2012,25-34 years,Not Hispanic or Latino,,Total,645017
2012,25-34 years,,,Total,819642
2012,35-44 years,Hispanic or Latino,Black or African American,,3986
2012,35-44 years,Hispanic or Latino,White,,153940
2012,35-44 years,Hispanic or Latino,,Total,157926
2012,35-44 years,Not Hispanic or Latino,Black or African American,,107742
2012,35-44 years,Not Hispanic or Latino,White,,507235
2012,35-44 years,Not Hispanic or Latino,,Total,614977
2012,35-44 years,,,Total,772903
2012,45-54 years,Hispanic or Latino,Black or African American,,2619
2012,45-54 years,Hispanic or Latino,White,,104864
2012,45-54 years,Hispanic or Latino,,Total,107483
2012,45-54 years,Not Hispanic or Latino,Black or African American,,115427
2012,45-54 years,Not Hispanic or Latino,White,,624351
2012,45-54 years,Not Hispanic or Latino,,Total,739778
2012,45-54 years,,,Total,847261
2012,55-64 years,Hispanic or Latino,Black or African American,,1471
2012,55-64 years,Hispanic or Latino,White,,61043
2012,55-64 years,Hispanic or Latino,,Total,62514
2012,55-64 years,Not Hispanic or Latino,Black or African American,,88405
2012,55-64 years,Not Hispanic or Latino,White,,562990
2012,55-64 years,Not Hispanic or Latino,,Total,651395
2012,55-64 years,,,Total,713909
2012,65-74 years,Hispanic or Latino,Black or African American,,653
2012,65-74 years,Hispanic or Latino,White,,25938
2012,65-74 years,Hispanic or Latino,,Total,26591
2012,65-74 years,Not Hispanic or Latino,Black or African American,,46187
2012,65-74 years,Not Hispanic or Latino,White,,331892
2012,65-74 years,Not Hispanic or Latino,,Total,378079
2012,65-74 years,,,Total,404670
2012,75-84 years,Hispanic or Latino,Black or African American,,310
2012,75-84 years,Hispanic or Latino,White,,11228
2012,75-84 years,Hispanic or Latino,,Total,11538
2012,75-84 years,Not Hispanic or Latino,Black or African American,,21933
2012,75-84 years,Not Hispanic or Latino,White,,176014
2012,75-84 years,Not Hispanic or Latino,,Total,197947
2012,75-84 years,,,Total,209485
2012,85+ years,Hispanic or Latino,Black or African American,,70
2012,85+ years,Hispanic or Latino,White,,3027
2012,85+ years,Hispanic or Latino,,Total,3097
2012,85+ years,Not Hispanic or Latino,Black or African American,,6256
2012,85+ years,Not Hispanic or Latino,White,,67825
2012,85+ years,Not Hispanic or Latino,,Total,74081
2012,85+ years,,,Total,77178
2012,,,,Total,5852511
2013,< 1 year,Hispanic or Latino,Black or African American,,658
2013,< 1 year,Hispanic or Latino,White,,16892
2013,< 1 year,Hispanic or Latino,,Total,17550
2013,< 1 year,Not Hispanic or Latino,Black or African American,,12854
2013,< 1 year,Not Hispanic or Latino,White,,41209
2013,< 1 year,Not Hispanic or Latino,,Total,54063
2013,< 1 year,,,Total,71613
2013,1-4 years,Hispanic or Latino,Black or African American,,2956
2013,1-4 years,Hispanic or Latino,White,,72834
2013,1-4 years,Hispanic or Latino,,Total,75790
2013,1-4 years,Not Hispanic or Latino,Black or African American,,50937
2013,1-4 years,Not Hispanic or Latino,White,,167259
2013,1-4 years,Not Hispanic or Latino,,Total,218196
2013,1-4 years,,,Total,293986
2013,5-14 years,Hispanic or Latino,Black or African American,,7893
2013,5-14 years,Hispanic or Latino,White,,189493
2013,5-14 years,Hispanic or Latino,,Total,197386
2013,5-14 years,Not Hispanic or Latino,Black or African American,,133525
2013,5-14 years,Not Hispanic or Latino,White,,454850
2013,5-14 years,Not Hispanic or Latino,,Total,588375
2013,5-14 years,,,Total,785761
2013,15-24 years,Hispanic or Latino,Black or African American,,6567
2013,15-24 years,Hispanic or Latino,White,,167907
2013,15-24 years,Hispanic or Latino,,Total,174474
2013,15-24 years,Not Hispanic or Latino,Black or African American,,156677
2013,15-24 years,Not Hispanic or Latino,White,,504037
2013,15-24 years,Not Hispanic or Latino,,Total,660714
2013,15-24 years,,,Total,835188
2013,25-34 years,Hispanic or Latino,Black or African American,,5397
2013,25-34 years,Hispanic or Latino,White,,167528
2013,25-34 years,Hispanic or Latino,,Total,172925
2013,25-34 years,Not Hispanic or Latino,Black or African American,,118472
2013,25-34 years,Not Hispanic or Latino,White,,529554
2013,25-34 years,Not Hispanic or Latino,,Total,648026
2013,25-34 years,,,Total,820951
2013,35-44 years,Hispanic or Latino,Black or African American,,4153
2013,35-44 years,Hispanic or Latino,White,,155317
2013,35-44 years,Hispanic or Latino,,Total,159470
2013,35-44 years,Not Hispanic or Latino,Black or African American,,106605
2013,35-44 years,Not Hispanic or Latino,White,,500882
2013,35-44 years,Not Hispanic or Latino,,Total,607487
2013,35-44 years,,,Total,766957
2013,45-54 years,Hispanic or Latino,Black or African American,,2655
2013,45-54 years,Hispanic or Latino,White,,108518
2013,45-54 years,Hispanic or Latino,,Total,111173
2013,45-54 years,Not Hispanic or Latino,Black or African American,,113357
2013,45-54 years,Not Hispanic or Latino,White,,607239
2013,45-54 years,Not Hispanic or Latino,,Total,720596
2013,45-54 years,,,Total,831769
2013,55-64 years,Hispanic or Latino,Black or African American,,1556
2013,55-64 years,Hispanic or Latino,White,,63989
2013,55-64 years,Hispanic or Latino,,Total,65545
2013,55-64 years,Not Hispanic or Latino,Black or African American,,90873
2013,55-64 years,Not Hispanic or Latino,White,,570604
2013,55-64 years,Not Hispanic or Latino,,Total,661477
2013,55-64 years,,,Total,727022
2013,65-74 years,Hispanic or Latino,Black or African American,,690
2013,65-74 years,Hispanic or Latino,White,,27939
2013,65-74 years,Hispanic or Latino,,Total,28629
2013,65-74 years,Not Hispanic or Latino,Black or African American,,47953
2013,65-74 years,Not Hispanic or Latino,White,,346310
2013,65-74 years,Not Hispanic or Latino,,Total,394263
2013,65-74 years,,,Total,422892
2013,75-84 years,Hispanic or Latino,Black or African American,,331
2013,75-84 years,Hispanic or Latino,White,,11729
2013,75-84 years,Hispanic or Latino,,Total,12060
2013,75-84 years,Not Hispanic or Latino,Black or African American,,22428
2013,75-84 years,Not Hispanic or Latino,White,,177102
2013,75-84 years,Not Hispanic or Latino,,Total,199530
2013,75-84 years,,,Total,211590
2013,85+ years,Hispanic or Latino,Black or African American,,78
2013,85+ years,Hispanic or Latino,White,,3342
2013,85+ years,Hispanic or Latino,,Total,3420
2013,85+ years,Not Hispanic or Latino,Black or African American,,6496
2013,85+ years,Not Hispanic or Latino,White,,69321
2013,85+ years,Not Hispanic or Latino,,Total,75817
2013,85+ years,,,Total,79237
2013,,,,Total,5846966
2014,< 1 year,Hispanic or Latino,Black or African American,,720
2014,< 1 year,Hispanic or Latino,White,,16481
2014,< 1 year,Hispanic or Latino,,Total,17201
2014,< 1 year,Not Hispanic or Latino,Black or African American,,12848
2014,< 1 year,Not Hispanic or Latino,White,,41580
2014,< 1 year,Not Hispanic or Latino,,Total,54428
2014,< 1 year,,,Total,71629
2014,1-4 years,Hispanic or Latino,Black or African American,,2762
2014,1-4 years,Hispanic or Latino,White,,70819
2014,1-4 years,Hispanic or Latino,,Total,73581
2014,1-4 years,Not Hispanic or Latino,Black or African American,,50937
2014,1-4 years,Not Hispanic or Latino,White,,165679
2014,1-4 years,Not Hispanic or Latino,,Total,216616
2014,1-4 years,,,Total,290197
2014,5-14 years,Hispanic or Latino,Black or African American,,7995
2014,5-14 years,Hispanic or Latino,White,,189997
2014,5-14 years,Hispanic or Latino,,Total,197992
2014,5-14 years,Not Hispanic or Latino,Black or African American,,130487
2014,5-14 years,Not Hispanic or Latino,White,,445952
2014,5-14 years,Not Hispanic or Latino,,Total,576439
2014,5-14 years,,,Total,774431
2014,15-24 years,Hispanic or Latino,Black or African American,,6608
2014,15-24 years,Hispanic or Latino,White,,168618
2014,15-24 years,Hispanic or Latino,,Total,175226
2014,15-24 years,Not Hispanic or Latino,Black or African American,,154148
2014,15-24 years,Not Hispanic or Latino,White,,496113
2014,15-24 years,Not Hispanic or Latino,,Total,650261
2014,15-24 years,,,Total,825487
2014,25-34 years,Hispanic or Latino,Black or African American,,5452
2014,25-34 years,Hispanic or Latino,White,,166231
2014,25-34 years,Hispanic or Latino,,Total,171683
2014,25-34 years,Not Hispanic or Latino,Black or African American,,120843
2014,25-34 years,Not Hispanic or Latino,White,,526923
2014,25-34 years,Not Hispanic or Latino,,Total,647766
2014,25-34 years,,,Total,819449
2014,35-44 years,Hispanic or Latino,Black or African American,,4280
2014,35-44 years,Hispanic or Latino,White,,156112
2014,35-44 years,Hispanic or Latino,,Total,160392
2014,35-44 years,Not Hispanic or Latino,Black or African American,,105991
2014,35-44 years,Not Hispanic or Latino,White,,493373
2014,35-44 years,Not Hispanic or Latino,,Total,599364
2014,35-44 years,,,Total,759756
2014,45-54 years,Hispanic or Latino,Black or African American,,2735
2014,45-54 years,Hispanic or Latino,White,,111680
2014,45-54 years,Hispanic or Latino,,Total,114415
2014,45-54 years,Not Hispanic or Latino,Black or African American,,110888
2014,45-54 years,Not Hispanic or Latino,White,,590339
2014,45-54 years,Not Hispanic or Latino,,Total,701227
2014,45-54 years,,,Total,815642
2014,55-64 years,Hispanic or Latino,Black or African American,,1642
2014,55-64 years,Hispanic or Latino,White,,67257
2014,55-64 years,Hispanic or Latino,,Total,68899
2014,55-64 years,Not Hispanic or Latino,Black or African American,,93012
2014,55-64 years,Not Hispanic or Latino,White,,577192
2014,55-64 years,Not Hispanic or Latino,,Total,670204
2014,55-64 years,,,Total,739103
2014,65-74 years,Hispanic or Latino,Black or African American,,738
2014,65-74 years,Hispanic or Latino,White,,29948
2014,65-74 years,Hispanic or Latino,,Total,30686
2014,65-74 years,Not Hispanic or Latino,Black or African American,,49672
2014,65-74 years,Not Hispanic or Latino,White,,359347
2014,65-74 years,Not Hispanic or Latino,,Total,409019
2014,65-74 years,,,Total,439705
2014,75-84 years,Hispanic or Latino,Black or African American,,358
2014,75-84 years,Hispanic or Latino,White,,12158
2014,75-84 years,Hispanic or Latino,,Total,12516
2014,75-84 years,Not Hispanic or Latino,Black or African American,,22885
2014,75-84 years,Not Hispanic or Latino,White,,178358
2014,75-84 years,Not Hispanic or Latino,,Total,201243
2014,75-84 years,,,Total,213759
2014,85+ years,Hispanic or Latino,Black or African American,,90
2014,85+ years,Hispanic or Latino,White,,3727
2014,85+ years,Hispanic or Latino,,Total,3817
2014,85+ years,Not Hispanic or Latino,Black or African American,,6802
2014,85+ years,Not Hispanic or Latino,White,,70936
2014,85+ years,Not Hispanic or Latino,,Total,77738
2014,85+ years,,,Total,81555
2014,,,,Total,5830713
2015,< 1 year,Hispanic or Latino,Black or African American,,770
2015,< 1 year,Hispanic or Latino,White,,16859
2015,< 1 year,Hispanic or Latino,,Total,17629
2015,< 1 year,Not Hispanic or Latino,Black or African American,,12999
2015,< 1 year,Not Hispanic or Latino,White,,41535
2015,< 1 year,Not Hispanic or Latino,,Total,54534
2015,< 1 year,,,Total,72163
2015,1-4 years,Hispanic or Latino,Black or African American,,2697
2015,1-4 years,Hispanic or Latino,White,,68325
2015,1-4 years,Hispanic or Latino,,Total,71022
2015,1-4 years,Not Hispanic or Latino,Black or African American,,50462
2015,1-4 years,Not Hispanic or Latino,White,,164404
2015,1-4 years,Not Hispanic or Latino,,Total,214866
2015,1-4 years,,,Total,285888
2015,5-14 years,Hispanic or Latino,Black or African American,,7981
2015,5-14 years,Hispanic or Latino,White,,189538
2015,5-14 years,Hispanic or Latino,,Total,197519
2015,5-14 years,Not Hispanic or Latino,Black or African American,,127668
2015,5-14 years,Not Hispanic or Latino,White,,437610
2015,5-14 years,Not Hispanic or Latino,,Total,565278
2015,5-14 years,,,Total,762797
2015,15-24 years,Hispanic or Latino,Black or African American,,6658
2015,15-24 years,Hispanic or Latino,White,,169905
2015,15-24 years,Hispanic or Latino,,Total,176563
2015,15-24 years,Not Hispanic or Latino,Black or African American,,150283
2015,15-24 years,Not Hispanic or Latino,White,,487082
2015,15-24 years,Not Hispanic or Latino,,Total,637365
2015,15-24 years,,,Total,813928
2015,25-34 years,Hispanic or Latino,Black or African American,,5464
2015,25-34 years,Hispanic or Latino,White,,163898
2015,25-34 years,Hispanic or Latino,,Total,169362
2015,25-34 years,Not Hispanic or Latino,Black or African American,,122838
2015,25-34 years,Not Hispanic or Latino,White,,522240
2015,25-34 years,Not Hispanic or Latino,,Total,645078
2015,25-34 years,,,Total,814440
2015,35-44 years,Hispanic or Latino,Black or African American,,4391
2015,35-44 years,Hispanic or Latino,White,,157482
2015,35-44 years,Hispanic or Latino,,Total,161873
2015,35-44 years,Not Hispanic or Latino,Black or African American,,105389
2015,35-44 years,Not Hispanic or Latino,White,,486000
2015,35-44 years,Not Hispanic or Latino,,Total,591389
2015,35-44 years,,,Total,753262
2015,45-54 years,Hispanic or Latino,Black or African American,,2858
2015,45-54 years,Hispanic or Latino,White,,114949
2015,45-54 years,Hispanic or Latino,,Total,117807
2015,45-54 years,Not Hispanic or Latino,Black or African American,,108773
2015,45-54 years,Not Hispanic or Latino,White,,574647
2015,45-54 years,Not Hispanic or Latino,,Total,683420
2015,45-54 years,,,Total,801227
2015,55-64 years,Hispanic or Latino,Black or African American,,1733
2015,55-64 years,Hispanic or Latino,White,,70782
2015,55-64 years,Hispanic or Latino,,Total,72515
2015,55-64 years,Not Hispanic or Latino,Black or African American,,95078
2015,55-64 years,Not Hispanic or Latino,White,,582415
2015,55-64 years,Not Hispanic or Latino,,Total,677493
2015,55-64 years,,,Total,750008
2015,65-74 years,Hispanic or Latino,Black or African American,,774
2015,65-74 years,Hispanic or Latino,White,,31985
2015,65-74 years,Hispanic or Latino,,Total,32759
2015,65-74 years,Not Hispanic or Latino,Black or African American,,51537
2015,65-74 years,Not Hispanic or Latino,White,,372518
2015,65-74 years,Not Hispanic or Latino,,Total,424055
2015,65-74 years,,,Total,456814
2015,75-84 years,Hispanic or Latino,Black or African American,,396
2015,75-84 years,Hispanic or Latino,White,,12728
2015,75-84 years,Hispanic or Latino,,Total,13124
2015,75-84 years,Not Hispanic or Latino,Black or African American,,23380
2015,75-84 years,Not Hispanic or Latino,White,,178631
2015,75-84 years,Not Hispanic or Latino,,Total,202011
2015,75-84 years,,,Total,215135
2015,85+ years,Hispanic or Latino,Black or African American,,95
2015,85+ years,Hispanic or Latino,White,,4084
2015,85+ years,Hispanic or Latino,,Total,4179
2015,85+ years,Not Hispanic or Latino,Black or African American,,7134
2015,85+ years,Not Hispanic or Latino,White,,71746
2015,85+ years,Not Hispanic or Latino,,Total,78880
2015,85+ years,,,Total,83059
2015,,,,Total,5808721
2016,< 1 year,Hispanic or Latino,Black or African American,,755
2016,< 1 year,Hispanic or Latino,White,,16666
2016,< 1 year,Hispanic or Latino,,Total,17421
2016,< 1 year,Not Hispanic or Latino,Black or African American,,12800
2016,< 1 year,Not Hispanic or Latino,White,,40977
2016,< 1 year,Not Hispanic or Latino,,Total,53777
2016,< 1 year,,,Total,71198
2016,1-4 years,Hispanic or Latino,Black or African American,,2813
2016,1-4 years,Hispanic or Latino,White,,66822
2016,1-4 years,Hispanic or Latino,,Total,69635
2016,1-4 years,Not Hispanic or Latino,Black or African American,,50073
2016,1-4 years,Not Hispanic or Latino,White,,163198
2016,1-4 years,Not Hispanic or Latino,,Total,213271
2016,1-4 years,,,Total,282906
2016,5-14 years,Hispanic or Latino,Black or African American,,7930
2016,5-14 years,Hispanic or Latino,White,,188794
2016,5-14 years,Hispanic or Latino,,Total,196724
2016,5-14 years,Not Hispanic or Latino,Black or African American,,125195
2016,5-14 years,Not Hispanic or Latino,White,,429940
2016,5-14 years,Not Hispanic or Latino,,Total,555135
2016,5-14 years,,,Total,751859
2016,15-24 years,Hispanic or Latino,Black or African American,,6622
2016,15-24 years,Hispanic or Latino,White,,170910
2016,15-24 years,Hispanic or Latino,,Total,177532
2016,15-24 years,Not Hispanic or Latino,Black or African American,,145216
2016,15-24 years,Not Hispanic or Latino,White,,476199
2016,15-24 years,Not Hispanic or Latino,,Total,621415
2016,15-24 years,,,Total,798947
2016,25-34 years,Hispanic or Latino,Black or African American,,5574
2016,25-34 years,Hispanic or Latino,White,,162838
2016,25-34 years,Hispanic or Latino,,Total,168412
2016,25-34 years,Not Hispanic or Latino,Black or African American,,126441
2016,25-34 years,Not Hispanic or Latino,White,,518563
2016,25-34 years,Not Hispanic or Latino,,Total,645004
2016,25-34 years,,,Total,813416
2016,35-44 years,Hispanic or Latino,Black or African American,,4486
2016,35-44 years,Hispanic or Latino,White,,157645
2016,35-44 years,Hispanic or Latino,,Total,162131
2016,35-44 years,Not Hispanic or Latino,Black or African American,,103408
2016,35-44 years,Not Hispanic or Latino,White,,478828
2016,35-44 years,Not Hispanic or Latino,,Total,582236
2016,35-44 years,,,Total,744367
2016,45-54 years,Hispanic or Latino,Black or African American,,2987
2016,45-54 years,Hispanic or Latino,White,,118573
2016,45-54 years,Hispanic or Latino,,Total,121560
2016,45-54 years,Not Hispanic or Latino,Black or African American,,106920
2016,45-54 years,Not Hispanic or Latino,White,,557991
2016,45-54 years,Not Hispanic or Latino,,Total,664911
2016,45-54 years,,,Total,786471
2016,55-64 years,Hispanic or Latino,Black or African American,,1821
2016,55-64 years,Hispanic or Latino,White,,73503
2016,55-64 years,Hispanic or Latino,,Total,75324
2016,55-64 years,Not Hispanic or Latino,Black or African American,,96461
2016,55-64 years,Not Hispanic or Latino,White,,585667
2016,55-64 years,Not Hispanic or Latino,,Total,682128
2016,55-64 years,,,Total,757452
2016,65-74 years,Hispanic or Latino,Black or African American,,808
2016,65-74 years,Hispanic or Latino,White,,34306
2016,65-74 years,Hispanic or Latino,,Total,35114
2016,65-74 years,Not Hispanic or Latino,Black or African American,,53363
2016,65-74 years,Not Hispanic or Latino,White,,384894
2016,65-74 years,Not Hispanic or Latino,,Total,438257
2016,65-74 years,,,Total,473371
2016,75-84 years,Hispanic or Latino,Black or African American,,418
2016,75-84 years,Hispanic or Latino,White,,13374
2016,75-84 years,Hispanic or Latino,,Total,13792
2016,75-84 years,Not Hispanic or Latino,Black or African American,,23906
2016,75-84 years,Not Hispanic or Latino,White,,180884
2016,75-84 years,Not Hispanic or Latino,,Total,204790
2016,75-84 years,,,Total,218582
2016,85+ years,Hispanic or Latino,Black or African American,,111
2016,85+ years,Hispanic or Latino,White,,4451
2016,85+ years,Hispanic or Latino,,Total,4562
2016,85+ years,Not Hispanic or Latino,Black or African American,,7366
2016,85+ years,Not Hispanic or Latino,White,,72684
2016,85+ years,Not Hispanic or Latino,,Total,80050
2016,85+ years,,,Total,84612
2016,,,,Total,5783181
2017,< 1 year,Hispanic or Latino,Black or African American,,800
2017,< 1 year,Hispanic or Latino,White,,15815
2017,< 1 year,Hispanic or Latino,,Total,16615
2017,< 1 year,Not Hispanic or Latino,Black or African American,,12480
2017,< 1 year,Not Hispanic or Latino,White,,38880
2017,< 1 year,Not Hispanic or Latino,,Total,51360
2017,< 1 year,,,Total,67975
2017,1-4 years,Hispanic or Latino,Black or African American,,2945
2017,1-4 years,Hispanic or Latino,White,,66256
2017,1-4 years,Hispanic or Latino,,Total,69201
2017,1-4 years,Not Hispanic or Latino,Black or African American,,49668
2017,1-4 years,Not Hispanic or Latino,White,,162545
2017,1-4 years,Not Hispanic or Latino,,Total,212213
2017,1-4 years,,,Total,281414
2017,5-14 years,Hispanic or Latino,Black or African American,,7753
2017,5-14 years,Hispanic or Latino,White,,186946
2017,5-14 years,Hispanic or Latino,,Total,194699
2017,5-14 years,Not Hispanic or Latino,Black or African American,,123124
2017,5-14 years,Not Hispanic or Latino,White,,422812
2017,5-14 years,Not Hispanic or Latino,,Total,545936
2017,5-14 years,,,Total,740635
2017,15-24 years,Hispanic or Latino,Black or African American,,6624
2017,15-24 years,Hispanic or Latino,White,,172121
2017,15-24 years,Hispanic or Latino,,Total,178745
2017,15-24 years,Not Hispanic or Latino,Black or African American,,139914
2017,15-24 years,Not Hispanic or Latino,White,,465291
2017,15-24 years,Not Hispanic or Latino,,Total,605205
2017,15-24 years,,,Total,783950
2017,25-34 years,Hispanic or Latino,Black or African American,,5662
2017,25-34 years,Hispanic or Latino,White,,161520
2017,25-34 years,Hispanic or Latino,,Total,167182
2017,25-34 years,Not Hispanic or Latino,Black or African American,,129558
2017,25-34 years,Not Hispanic or Latino,White,,514109
2017,25-34 years,Not Hispanic or Latino,,Total,643667
2017,25-34 years,,,Total,810849
2017,35-44 years,Hispanic or Latino,Black or African American,,4555
2017,35-44 years,Hispanic or Latino,White,,157956
2017,35-44 years,Hispanic or Latino,,Total,162511
2017,35-44 years,Not Hispanic or Latino,Black or African American,,101982
2017,35-44 years,Not Hispanic or Latino,White,,476268
2017,35-44 years,Not Hispanic or Latino,,Total,578250
2017,35-44 years,,,Total,740761
2017,45-54 years,Hispanic or Latino,Black or African American,,3115
2017,45-54 years,Hispanic or Latino,White,,121928
2017,45-54 years,Hispanic or Latino,,Total,125043
2017,45-54 years,Not Hispanic or Latino,Black or African American,,104903
2017,45-54 years,Not Hispanic or Latino,White,,539401
2017,45-54 years,Not Hispanic or Latino,,Total,644304
2017,45-54 years,,,Total,769347
2017,55-64 years,Hispanic or Latino,Black or African American,,1917
2017,55-64 years,Hispanic or Latino,White,,76515
2017,55-64 years,Hispanic or Latino,,Total,78432
2017,55-64 years,Not Hispanic or Latino,Black or African American,,97515
2017,55-64 years,Not Hispanic or Latino,White,,584895
2017,55-64 years,Not Hispanic or Latino,,Total,682410
2017,55-64 years,,,Total,760842
2017,65-74 years,Hispanic or Latino,Black or African American,,848
2017,65-74 years,Hispanic or Latino,White,,36637
2017,65-74 years,Hispanic or Latino,,Total,37485
2017,65-74 years,Not Hispanic or Latino,Black or African American,,54810
2017,65-74 years,Not Hispanic or Latino,White,,395495
2017,65-74 years,Not Hispanic or Latino,,Total,450305
2017,65-74 years,,,Total,487790
2017,75-84 years,Hispanic or Latino,Black or African American,,434
2017,75-84 years,Hispanic or Latino,White,,14003
2017,75-84 years,Hispanic or Latino,,Total,14437
2017,75-84 years,Not Hispanic or Latino,Black or African American,,24451
2017,75-84 years,Not Hispanic or Latino,White,,185650
2017,75-84 years,Not Hispanic or Latino,,Total,210101
2017,75-84 years,,,Total,224538
2017,85+ years,Hispanic or Latino,Black or African American,,124
2017,85+ years,Hispanic or Latino,White,,4730
2017,85+ years,Hispanic or Latino,,Total,4854
2017,85+ years,Not Hispanic or Latino,Black or African American,,7601
2017,85+ years,Not Hispanic or Latino,White,,73023
2017,85+ years,Not Hispanic or Latino,,Total,80624
2017,85+ years,,,Total,85478
2017,,,,Total,5753579
2018,< 1 year,Hispanic or Latino,Black or African American,,749
2018,< 1 year,Hispanic or Latino,White,,15198
2018,< 1 year,Hispanic or Latino,,Total,15947
2018,< 1 year,Not Hispanic or Latino,Black or African American,,12576
2018,< 1 year,Not Hispanic or Latino,White,,38025
2018,< 1 year,Not Hispanic or Latino,,Total,50601
2018,< 1 year,,,Total,66548
2018,1-4 years,Hispanic or Latino,Black or African American,,3018
2018,1-4 years,Hispanic or Latino,White,,65357
2018,1-4 years,Hispanic or Latino,,Total,68375
2018,1-4 years,Not Hispanic or Latino,Black or African American,,49379
2018,1-4 years,Not Hispanic or Latino,White,,160085
2018,1-4 years,Not Hispanic or Latino,,Total,209464
2018,1-4 years,,,Total,277839
2018,5-14 years,Hispanic or Latino,Black or African American,,7635
2018,5-14 years,Hispanic or Latino,White,,184418
2018,5-14 years,Hispanic or Latino,,Total,192053
2018,5-14 years,Not Hispanic or Latino,Black or African American,,121900
2018,5-14 years,Not Hispanic or Latino,White,,415246
2018,5-14 years,Not Hispanic or Latino,,Total,537146
2018,5-14 years,,,Total,729199
2018,15-24 years,Hispanic or Latino,Black or African American,,6645
2018,15-24 years,Hispanic or Latino,White,,173685
2018,15-24 years,Hispanic or Latino,,Total,180330
2018,15-24 years,Not Hispanic or Latino,Black or African American,,134469
2018,15-24 years,Not Hispanic or Latino,White,,455539
2018,15-24 years,Not Hispanic or Latino,,Total,590008
2018,15-24 years,,,Total,770338
2018,25-34 years,Hispanic or Latino,Black or African American,,5825
2018,25-34 years,Hispanic or Latino,White,,160182
2018,25-34 years,Hispanic or Latino,,Total,166007
2018,25-34 years,Not Hispanic or Latino,Black or African American,,132773
2018,25-34 years,Not Hispanic or Latino,White,,507324
2018,25-34 years,Not Hispanic or Latino,,Total,640097
2018,25-34 years,,,Total,806104
2018,35-44 years,Hispanic or Latino,Black or African American,,4624
2018,35-44 years,Hispanic or Latino,White,,157723
2018,35-44 years,Hispanic or Latino,,Total,162347
2018,35-44 years,Not Hispanic or Latino,Black or African American,,101730
2018,35-44 years,Not Hispanic or Latino,White,,476366
2018,35-44 years,Not Hispanic or Latino,,Total,578096
2018,35-44 years,,,Total,740443
2018,45-54 years,Hispanic or Latino,Black or African American,,3163
2018,45-54 years,Hispanic or Latino,White,,125037
2018,45-54 years,Hispanic or Latino,,Total,128200
2018,45-54 years,Not Hispanic or Latino,Black or African American,,102207
2018,45-54 years,Not Hispanic or Latino,White,,517513
2018,45-54 years,Not Hispanic or Latino,,Total,619720
2018,45-54 years,,,Total,747920
2018,55-64 years,Hispanic or Latino,Black or African American,,2033
2018,55-64 years,Hispanic or Latino,White,,79368
2018,55-64 years,Hispanic or Latino,,Total,81401
2018,55-64 years,Not Hispanic or Latino,Black or African American,,97773
2018,55-64 years,Not Hispanic or Latino,White,,581494
2018,55-64 years,Not Hispanic or Latino,,Total,679267
2018,55-64 years,,,Total,760668
2018,65-74 years,Hispanic or Latino,Black or African American,,931
2018,65-74 years,Hispanic or Latino,White,,38985
2018,65-74 years,Hispanic or Latino,,Total,39916
2018,65-74 years,Not Hispanic or Latino,Black or African American,,56178
2018,65-74 years,Not Hispanic or Latino,White,,403432
2018,65-74 years,Not Hispanic or Latino,,Total,459610
2018,65-74 years,,,Total,499526
2018,75-84 years,Hispanic or Latino,Black or African American,,458
2018,75-84 years,Hispanic or Latino,White,,14764
2018,75-84 years,Hispanic or Latino,,Total,15222
2018,75-84 years,Not Hispanic or Latino,Black or African American,,25217
2018,75-84 years,Not Hispanic or Latino,White,,193617
2018,75-84 years,Not Hispanic or Latino,,Total,218834
2018,75-84 years,,,Total,234056
2018,85+ years,Hispanic or Latino,Black or African American,,146
2018,85+ years,Hispanic or Latino,White,,5079
2018,85+ years,Hispanic or Latino,,Total,5225
2018,85+ years,Not Hispanic or Latino,Black or African American,,7858
2018,85+ years,Not Hispanic or Latino,White,,72831
2018,85+ years,Not Hispanic or Latino,,Total,80689
2018,85+ years,,,Total,85914
2018,,,,Total,5718555
2019,< 1 year,Hispanic or Latino,Black or African American,,728
2019,< 1 year,Hispanic or Latino,White,,14645
2019,< 1 year,Hispanic or Latino,,Total,15373
2019,< 1 year,Not Hispanic or Latino,Black or African American,,11388
2019,< 1 year,Not Hispanic or Latino,White,,36944
2019,< 1 year,Not Hispanic or Latino,,Total,48332
2019,< 1 year,,,Total,63705
2019,1-4 years,Hispanic or Latino,Black or African American,,3095
2019,1-4 years,Hispanic or Latino,White,,64274
2019,1-4 years,Hispanic or Latino,,Total,67369
2019,1-4 years,Not Hispanic or Latino,Black or African American,,49216
2019,1-4 years,Not Hispanic or Latino,White,,156585
2019,1-4 years,Not Hispanic or Latino,,Total,205801
2019,1-4 years,,,Total,273170
2019,5-14 years,Hispanic or Latino,Black or African American,,7571
2019,5-14 years,Hispanic or Latino,White,,181217
2019,5-14 years,Hispanic or Latino,,Total,188788
2019,5-14 years,Not Hispanic or Latino,Black or African American,,120914
2019,5-14 years,Not Hispanic or Latino,White,,408219
2019,5-14 years,Not Hispanic or Latino,,Total,529133
2019,5-14 years,,,Total,717921
2019,15-24 years,Hispanic or Latino,Black or African American,,6775
2019,15-24 years,Hispanic or Latino,White,,175380
2019,15-24 years,Hispanic or Latino,,Total,182155
2019,15-24 years,Not Hispanic or Latino,Black or African American,,129821
2019,15-24 years,Not Hispanic or Latino,White,,446843
2019,15-24 years,Not Hispanic or Latino,,Total,576664
2019,15-24 years,,,Total,758819
2019,25-34 years,Hispanic or Latino,Black or African American,,5927
2019,25-34 years,Hispanic or Latino,White,,159649
2019,25-34 years,Hispanic or Latino,,Total,165576
2019,25-34 years,Not Hispanic or Latino,Black or African American,,136091
2019,25-34 years,Not Hispanic or Latino,White,,501053
2019,25-34 years,Not Hispanic or Latino,,Total,637144
2019,25-34 years,,,Total,802720
2019,35-44 years,Hispanic or Latino,Black or African American,,4691
2019,35-44 years,Hispanic or Latino,White,,156491
2019,35-44 years,Hispanic or Latino,,Total,161182
2019,35-44 years,Not Hispanic or Latino,Black or African American,,101855
2019,35-44 years,Not Hispanic or Latino,White,,476775
2019,35-44 years,Not Hispanic or Latino,,Total,578630
2019,35-44 years,,,Total,739812
2019,45-54 years,Hispanic or Latino,Black or African American,,3247
2019,45-54 years,Hispanic or Latino,White,,127897
2019,45-54 years,Hispanic or Latino,,Total,131144
2019,45-54 years,Not Hispanic or Latino,Black or African American,,99438
2019,45-54 years,Not Hispanic or Latino,White,,497089
2019,45-54 years,Not Hispanic or Latino,,Total,596527
2019,45-54 years,,,Total,727671
2019,55-64 years,Hispanic or Latino,Black or African American,,2106
2019,55-64 years,Hispanic or Latino,White,,82129
2019,55-64 years,Hispanic or Latino,,Total,84235
2019,55-64 years,Not Hispanic or Latino,Black or African American,,97751
2019,55-64 years,Not Hispanic or Latino,White,,575310
2019,55-64 years,Not Hispanic or Latino,,Total,673061
2019,55-64 years,,,Total,757296
2019,65-74 years,Hispanic or Latino,Black or African American,,1000
2019,65-74 years,Hispanic or Latino,White,,41452
2019,65-74 years,Hispanic or Latino,,Total,42452
2019,65-74 years,Not Hispanic or Latino,Black or African American,,58020
2019,65-74 years,Not Hispanic or Latino,White,,414405
2019,65-74 years,Not Hispanic or Latino,,Total,472425
2019,65-74 years,,,Total,514877
2019,75-84 years,Hispanic or Latino,Black or African American,,472
2019,75-84 years,Hispanic or Latino,White,,15660
2019,75-84 years,Hispanic or Latino,,Total,16132
2019,75-84 years,Not Hispanic or Latino,Black or African American,,26049
2019,75-84 years,Not Hispanic or Latino,White,,199079
2019,75-84 years,Not Hispanic or Latino,,Total,225128
2019,75-84 years,,,Total,241260
2019,85+ years,Hispanic or Latino,Black or African American,,167
2019,85+ years,Hispanic or Latino,White,,5381
2019,85+ years,Hispanic or Latino,,Total,5548
2019,85+ years,Not Hispanic or Latino,Black or African American,,8113
2019,85+ years,Not Hispanic or Latino,White,,72961
2019,85+ years,Not Hispanic or Latino,,Total,81074
2019,85+ years,,,Total,86622
2019,,,,Total,5683873
2020,< 1 year,Hispanic or Latino,Black or African American,,798
2020,< 1 year,Hispanic or Latino,White,,14393
2020,< 1 year,Hispanic or Latino,,Total,15191
2020,< 1 year,Not Hispanic or Latino,Black or African American,,11015
2020,< 1 year,Not Hispanic or Latino,White,,36483
2020,< 1 year,Not Hispanic or Latino,,Total,47498
2020,< 1 year,,,Total,62689
2020,1-4 years,Hispanic or Latino,Black or African American,,3063
2020,1-4 years,Hispanic or Latino,White,,62136
2020,1-4 years,Hispanic or Latino,,Total,65199
2020,1-4 years,Not Hispanic or Latino,Black or African American,,48016
2020,1-4 years,Not Hispanic or Latino,White,,151864
2020,1-4 years,Not Hispanic or Latino,,Total,199880
2020,1-4 years,,,Total,265079
2020,5-14 years,Hispanic or Latino,Black or African American,,7569
2020,5-14 years,Hispanic or Latino,White,,178187
2020,5-14 years,Hispanic or Latino,,Total,185756
2020,5-14 years,Not Hispanic or Latino,Black or African American,,120151
2020,5-14 years,Not Hispanic or Latino,White,,402503
2020,5-14 years,Not Hispanic or Latino,,Total,522654
2020,5-14 years,,,Total,708410
2020,15-24 years,Hispanic or Latino,Black or African American,,6846
2020,15-24 years,Hispanic or Latino,White,,176857
2020,15-24 years,Hispanic or Latino,,Total,183703
2020,15-24 years,Not Hispanic or Latino,Black or African American,,126264
2020,15-24 years,Not Hispanic or Latino,White,,437216
2020,15-24 years,Not Hispanic or Latino,,Total,563480
2020,15-24 years,,,Total,747183
2020,25-34 years,Hispanic or Latino,Black or African American,,5954
2020,25-34 years,Hispanic or Latino,White,,159137
2020,25-34 years,Hispanic or Latino,,Total,165091
2020,25-34 years,Not Hispanic or Latino,Black or African American,,137568
2020,25-34 years,Not Hispanic or Latino,White,,491354
2020,25-34 years,Not Hispanic or Latino,,Total,628922
2020,25-34 years,,,Total,794013
2020,35-44 years,Hispanic or Latino,Black or African American,,4793
2020,35-44 years,Hispanic or Latino,White,,155589
2020,35-44 years,Hispanic or Latino,,Total,160382
2020,35-44 years,Not Hispanic or Latino,Black or African American,,102713
2020,35-44 years,Not Hispanic or Latino,White,,476661
2020,35-44 years,Not Hispanic or Latino,,Total,579374
2020,35-44 years,,,Total,739756
2020,45-54 years,Hispanic or Latino,Black or African American,,3371
2020,45-54 years,Hispanic or Latino,White,,130672
2020,45-54 years,Hispanic or Latino,,Total,134043
2020,45-54 years,Not Hispanic or Latino,Black or African American,,97207
2020,45-54 years,Not Hispanic or Latino,White,,480210
2020,45-54 years,Not Hispanic or Latino,,Total,577417
2020,45-54 years,,,Total,711460
2020,55-64 years,Hispanic or Latino,Black or African American,,2187
2020,55-64 years,Hispanic or Latino,White,,84989
2020,55-64 years,Hispanic or Latino,,Total,87176
2020,55-64 years,Not Hispanic or Latino,Black or African American,,97318
2020,55-64 years,Not Hispanic or Latino,White,,564237
2020,55-64 years,Not Hispanic or Latino,,Total,661555
2020,55-64 years,,,Total,748731
2020,65-74 years,Hispanic or Latino,Black or African American,,1048
2020,65-74 years,Hispanic or Latino,White,,44374
2020,65-74 years,Hispanic or Latino,,Total,45422
2020,65-74 years,Not Hispanic or Latino,Black or African American,,60048
2020,65-74 years,Not Hispanic or Latino,White,,425023
2020,65-74 years,Not Hispanic or Latino,,Total,485071
2020,65-74 years,,,Total,530493
2020,75-84 years,Hispanic or Latino,Black or African American,,495
2020,75-84 years,Hispanic or Latino,White,,16629
2020,75-84 years,Hispanic or Latino,,Total,17124
2020,75-84 years,Not Hispanic or Latino,Black or African American,,26561
2020,75-84 years,Not Hispanic or Latino,White,,201504
2020,75-84 years,Not Hispanic or Latino,,Total,228065
2020,75-84 years,,,Total,245189
2020,85+ years,Hispanic or Latino,Black or African American,,181
2020,85+ years,Hispanic or Latino,White,,5772
2020,85+ years,Hispanic or Latino,,Total,5953
2020,85+ years,Not Hispanic or Latino,Black or African American,,8362
2020,85+ years,Not Hispanic or Latino,White,,72980
2020,85+ years,Not Hispanic or Latino,,Total,81342
2020,85+ years,,,Total,87295
2020,,,,Total,5640298
,,,,Total,63633602
,,,,---,
,,,,,
